,word,count,percent
0,Japan Aerospace Exploration Agency,4,1.13314
1,Massachusetts Institute of Technology,3,0.84986
2,University of Colorado Boulder,2,0.56657
3,Rensselaer Polytechnic Institute,2,0.56657
4,Rensselaer Polytechnic Inst.,2,0.56657
5,"Department of Clinical Pharmacology and Therapy , Russian Medical Academy of Continuing Professional Education, Ministry of Health of Russia , Moscow , Russian Federation",2,0.56657
6,"Department of Clinical Pharmacology and Propaedeutics of Internal Diseases , Sechenov First Moscow State Medical University (Sechenov University), Ministry of Health of Russia , Moscow , Russian Federation",2,0.56657
7,"Universidad Tecnol&#x00F3;gica del Per&#x00FA;,IEEE Senior Member,Lima,Peru",2,0.56657
8,"KBR, Houston, TX, USA",2,0.56657
9,Tohoku Fukushi University,2,0.56657
10,"Tianjin Key Laboratory for Advanced Mechatronic System Design and Intelligent Control, School of Mechanical Engineering, Tianjin University of Technology, Tianjin, People’s Republic of China",2,0.56657
11,University of Houston,2,0.56657
12,"Department of Mechanics, School of Mechanical Engineering, Tianjin University, Tianjin, People’s Republic of China",2,0.56657
13,University of Minnesota,2,0.56657
14,"Universidad Nacional de Ingenier&#x00ED;a;,Center for Space Emerging Technologies,Lima,Peru",2,0.56657
15,"Blue Marble Space Institute of Science, Space Biosciences Division, NASA Ames Research Center, Mountain View, California, USA.",1,0.28329
16,"Department of Bioengineering, School of Life Science and Engineering Lanzhou University of Technology  Lanzhou China",1,0.28329
17,"Gansu Key Laboratory of Space Radiobiology Institute of Modern Physics, Chinese Academy of Sciences  Lanzhou China",1,0.28329
18,Tokyo Women’s Medical University,1,0.28329
19,"Lockheed Martin, Houston, TX, USA",1,0.28329
20,UniSA Clinical and Health Sciences University of South Australia  Adelaide South Australia Australia,1,0.28329
21,"Department of Pharmacy, The 940th Hospital of Joint Logistic Support Force People's Liberation Army of China  Lanzhou China",1,0.28329
22,"Department of Allied Health Sciences, School of Health Sciences and Technology, University of Petroleum and Energy Studies (UPES), Energy Acres Building , Bidholi Dehradun, 248007 Uttarakhand, India",1,0.28329
23,"Leidos, Houston, TX, USA",1,0.28329
24,"Cross II Leidos, Houston, TX, USA",1,0.28329
25,"Sector of Microtechnologies, Institute of Biotechnology, Life Sciences Center, Vilnius University, Vilnius, Lithuania.",1,0.28329
26,"Fundamental Medical Science Research Laboratories, The 940th Hospital of Joint Logistic Support Force People's Liberation Army of China  Lanzhou China",1,0.28329
27,"KBR, KBR, Houston, TX, USA",1,0.28329
28,"Space Biosciences Division, NASA Ames Research Center, Moffett Field, California, USA.",1,0.28329
29,"Key Laboratory for Biomechanics and Mechanobiology (Beihang University), Ministry of Education Beijing Advanced Innovation Center for Biomedical Engineering School of Biological Science and Medical Engineering Beihang University  Beijing China",1,0.28329
30,"NASA Johnson Space Center, Houston, TX, USA",1,0.28329
31,Institute of Aerospace Medicine German Aerospace Center  Cologne Germany,1,0.28329
32,"Institute of Biomedical Problems, Russian Academy of Sciences, Moscow 123007, Russia",1,0.28329
33,"Imec-Vision Lab, University of Antwerp, B-2610 Antwerp, Belgium",1,0.28329
34,"Lab for Equilibrium Investigations and Aerospace, University of Antwerp, B-2610 Antwerp, Belgium",1,0.28329
35,"Department of Radiology and Radiological Science, Medical University of South Carolina, Charleston, SC 29425",1,0.28329
36,"Laboratory of Neuro Imaging, University of Southern California, Los Angeles, CA 90033",1,0.28329
37,"School of Mathematics and Information Science, Henan Polytechnic University, Jiaozuo, Henan 454000, P. R. China",1,0.28329
38,"College of Computer Science and Technology, Henan Polytechnic University, Jiaozuo, Henan 454000, P. R. China",1,0.28329
39,"Laboratory for the Development of Means and Methods of Medical Care in Extreme Conditions and Telemedicine of the State Scientific Centre of the Russian Federation, Institute of Medical and Biological Problems of the Russian Academy of Sciences , Moscow , Russian Federation",1,0.28329
40,"Institute of Electrodynamics, Microwave and Circuit Engineering Vienna University of Technology  Vienna Austria",1,0.28329
41,"University of Houston, Houston, TX, USA",1,0.28329
42,Center for Health &amp; Bioresources AIT Austrian Institute of Technology  Vienna Austria,1,0.28329
43,School of Engineering Science University of Chinese Academy of Sciences  Beijing 100049 China,1,0.28329
44,National Microgravity Laboratory Institute of Mechanics Chinese Academy of Sciences  Beijing 100190 China,1,0.28329
45,"Department of Biotechnology, SRM Institute of Science and Technology, Kattankulathur, India.",1,0.28329
46,"School of Environment, Earth and Ecosystem Sciences, Open University, Milton Keynes, United Kingdom.",1,0.28329
47,"Totsuka Royal Clinic, Tokyo Women's Medical University",1,0.28329
48,"Blue Marble Space Institute of Science, Seattle, Washington, USA.",1,0.28329
49,"Centre of Excellence in Astrobiology, Amity University Mumbai, Mumbai, India.",1,0.28329
50,"Mars Society Australia, CLIFTON HILL, Australia.",1,0.28329
51,"German Aerospace Center, Institute of Aerospace Medicine, in Köln, Germany",1,0.28329
52,"Physics Department, Birla Institute of Technology and Science, Pilani, Hyderabad, Telangana, India",1,0.28329
53,"Baylor Scott & White Medical Center, Temple, TX, USA",1,0.28329
54,Lehigh University,1,0.28329
55,Aja University of Medical Sciences,1,0.28329
56,Beijing Institute of Microbiology and Epidemiology,1,0.28329
57,"Biotechnology and Planetary Protection Group, Jet Propulsion Laboratory, California Institute of Technology, Pasadena, California, USA",1,0.28329
58,"University of Southern California, Los Angeles, California, USA",1,0.28329
59,"University of Wisconsin-Madison, Madison, Wisconsin, USA",1,0.28329
60,"Development of Means and Methods of Medical Care in Extreme Conditions and Telemedicine of the State Scientific Centre of the Russian Federation – Institute of Medical and Biological Problems of the Russian Academy of Sciences , Moscow , Russian Federation",1,0.28329
61,"Cell and Molecular Biology Program, Colorado State University, Fort Collins, CO, USA",1,0.28329
62,"Department of Electronics and Communication Engineering, Vignana Bharathi Institute of Technology, Hyderabad, Telangana, India",1,0.28329
63,"Department of Environmental and Radiological Health Sciences, Colorado State University, Fort Collins, CO, USA",1,0.28329
64,Ludwik Hirszfeld Institute of Immunology and Experimental Therapy,1,0.28329
65,Wrocław University of Science and Technology,1,0.28329
66,NASA Glenn Research Center,1,0.28329
67,"College of medicine, Inha university",1,0.28329
68,"Trinity University,San Antonio,TX,78212",1,0.28329
69,"LS2N, Faculté des Sciences et Techniques (FST), Université de Nantes, Nantes, France",1,0.28329
70,Rafsanjan University of Medical Sciences,1,0.28329
71,"Department of Psychiatry, PC Sint-Amandus, 8730 Beernem, Belgium",1,0.28329
72,"Private address, Moab, UT 84532",1,0.28329
73,"South Shore Eye Center, League City, TX 77573",1,0.28329
74,"Department of Electrical and Electronics Engineering and the Physics Department, Birla Institute of Technology and Science, Pilani, Hyderabad, Telangana, India",1,0.28329
75,"University of Melbourne, in Melbourne, and the University of Adelaide, in Adelaide, both in Australia",1,0.28329
76,"Coma Science Group, University of Liège, 4000 Liège, Belgium",1,0.28329
77,"University of Adelaide, in Adelaide, Australia",1,0.28329
78,"McGill University, in Montreal, Canada",1,0.28329
79,"State Key Laboratory of Solidification Processing, Center for Nano Energy Materials, School of Materials Science and Engineering, Northwestern Polytechnical University, Xi’an, Shaanxi Province, China",1,0.28329
80,"Key Laboratory for Space Bioscience and Space Biotechnology, School of Life Sciences, Northwestern Polytechnical University, Xi’an, Shaanxi Province, China",1,0.28329
81,"School of Pharmacy, Chengdu University of Traditional Chinese Medicine, Chengdu, China",1,0.28329
82,"Department of Pharmacy, Chinese PLA General Hospital, Beijing, China",1,0.28329
83,"School of Food and Bioengineering, Xihua University, Chengdu, China",1,0.28329
84,"Department of Mechanical Engineering , University of Louisville",1,0.28329
85,"Department of Chemical Engineering , University of Louisville",1,0.28329
86,"Center for Translational Neuromedicine, University of Rochester Medical Center, Rochester, NY 14642",1,0.28329
87,"Center for Translational Neuromedicine, Faculty of Health and Medical Sciences, University of Copenhagen, 2200 Copenhagen, Denmark",1,0.28329
88,"KBR, NASA Space Medicine Operations Division, Houston, TX 77058",1,0.28329
89,"Department of Radiology, National Medical Research Treatment and Rehabilitation Centre of the Ministry of Health of Russia, Moscow 125367, Russia",1,0.28329
90,"Institute for Neuroradiology, Ludwig-Maximilians-University Munich, 80539 Munich, Germany",1,0.28329
91,"Department of Radiology, Lomonosov Moscow State University, Moscow 119991, Russia",1,0.28329
92,"Centre of Water and Environmental Research, University of Duisburg-Essen, Essen, Germany",1,0.28329
93,"Institute of Molecular Genetics, National Research Center Kurchatov Institute, Moscow, Russia",1,0.28329
94,"Group for Aquatic Microbial Ecology, Department of Chemistry, Environmental Microbiology and Biotechnology, University of Duisburg-Essen, Essen, Germany",1,0.28329
95,"Department of Cardiology, Xijing Hospital, Fourth Military Medical University, Xi’an, China.",1,0.28329
96,"Department of Aerospace Physiology, Fourth Military Medical University, Xi’an, China.",1,0.28329
97,"Department of Basic Medicine, Xi’an Medical University, Xi’an, China.",1,0.28329
98,"Regenerative Medicine Manufacturing Society , Winston-Salem, NC , USA",1,0.28329
99,"Cytiva , Marlborough, MA , USA",1,0.28329
100,"AlloSource , Centennial, CO , USA",1,0.28329
101,"Tissue Testing Technologies, LLC , Charleston, SC , USA",1,0.28329
102,"Axiom Space Headquarters , Houston, TX , USA",1,0.28329
103,"Cellbox Solutions , Hamburg , Germany",1,0.28329
104,"Wake Forest Institute for Regenerative Medicine , Winston-Salem, NC , USA",1,0.28329
105,"Biology and Environmental Chemistry Division, Sustainable System Research Laboratory, Central Research Institute of Electric Power Industry (CRIEPI), Komae, Japan",1,0.28329
106,"Environmental Health Science Research Bureau, Health Canada, Ottawa, Canada",1,0.28329
107,"Department of Environmental and Biological Sciences, University of Eastern Finland, Kuopio, Finland",1,0.28329
108,"Stanley Center for Psychiatric Research, Broad Institute of MIT and Harvard, Cambridge, MA, USA",1,0.28329
109,"KBR, Space Biosciences Division, NASA Ames Research Center, Moffett Field, CA, USA",1,0.28329
110,"Skolkovo Institute of Science and Technology, Moscow, Russia",1,0.28329
111,"Department of Integration of Chinese and Western Medicine, School of Basic Medical Sciences Peking University  Beijing China",1,0.28329
112,"Laboratory for Cognitive Research, HSE University, Moscow 101000, Russia",1,0.28329
113,"Department of Immunology, School of Basic Medical Sciences NHC Key Laboratory of Medical Immunology, Peking University  Beijing China",1,0.28329
114,"Department of Kinesiology, Indiana University School of Public Health–Bloomington, Bloomington",1,0.28329
115,"Program in Neuroscience, The College of Arts and Sciences, Indiana University, Bloomington",1,0.28329
116,"Medical Radiation Research Center, Tabriz University of Medical Sciences, Tabriz, Iran",1,0.28329
117,"Division of Interventional Radiology and Image-Guided Medicine, Department of Radiology and Imaging Sciences, Emory University School of Medicine, Atlanta, GA, USA",1,0.28329
118,"Department of Community Medicine, Tabriz University of Medical Sciences, Tabriz, Iran",1,0.28329
119,"Department of Radiology, Tabriz University of Medical Sciences, Tabriz, Iran",1,0.28329
120,"Research Center of Psychiatry and Behavioral Sciences, Tabriz University of Medical Sciences, Tabriz, Iran",1,0.28329
121,"National Demonstration Center for Experimental Mechanical and Electrical Engineering Education, Tianjin University of Technology, Tianjin, People’s Republic of China",1,0.28329
122,"Centre
for Rural Technology, Indian Institute of Technology, Guwahati, India",1,0.28329
123,"NIFTEM, Kundii, India",1,0.28329
124,"Department of Biotechnology, D.Y. Patil Deemed to be University, Mumbai, India",1,0.28329
125,"Department of Dairy
Science and Food Technology, Institute of Agricultural Sciences, Banaras Hindu University, Varanasi, India",1,0.28329
126,"Department of Food Technology, Lady Irwin College, University of Delhi, New Delhi, India",1,0.28329
127,National Key Laboratory of Human Factors Engineering China Astronauts Research and Training Center  Beijing China,1,0.28329
128,"Department of Physiology and Pathophysiology, School of Basic Medical Sciences, Key Laboratory of Molecular Cardiovascular Science Ministry of Education, Peking University  Beijing China",1,0.28329
129,"Immunology Research Center Beijing Clinical Research Institute, Beijing Friendship Hospital, Capital Medical University  Beijing China",1,0.28329
130,State Key Laboratory of Space Medicine Fundamentals and Application Chinese Astronaut Research and Training Center  Beijing China,1,0.28329
131,"Helmholtz Zentrum München, Institute of Radiation Medicine (HMGU-IRM), Neuherberg, Germany",1,0.28329
132,"School of Medicine, Institute of Clinical Medicine, Pathology and Forensic Medicine, and Translational Cancer Research Area, University of Eastern Finland, Kuopio, Finland",1,0.28329
133,"Canadian Nuclear Laboratories, Chalk River, Canada",1,0.28329
134,"Department of Biochemistry and Molecular and Cellular Biology, Georgetown University, Washington, DC, USA",1,0.28329
135,"Translational Research Institute for Space Health, United States",1,0.28329
136,"Space Biosciences Research Branch, NASA Space Biology, United States",1,0.28329
137,"Jet Propulsion Laboratory, California Institute of Technology, United States",1,0.28329
138,"Computer Science, University College London, United Kingdom",1,0.28329
139,"Politecnico di Milano, Italy",1,0.28329
140,"Human Systems Integration, SJSURF at NASA Ames, United States",1,0.28329
141,"Tangible Media Group - MIT Media Lab, Massachusetts Institute of Technology, United States",1,0.28329
142,"MIT, MIT, United States",1,0.28329
143,Embry-Riddle Aeronautical University,1,0.28329
144,"Johns Hopkins Bloomberg School of Public Health, Baltimore, MD, USA",1,0.28329
145,"Department of Biology, University of Ottawa, Ottawa, Canada",1,0.28329
146,"Consumer and Clinical Radiation Protection Bureau, Health Canada, Ottawa, Canada",1,0.28329
147,"Department of Radiology, Royal Perth Hospital, Perth, WA, 6000, Australia",1,0.28329
148,"Department of Imaging and Pathology, Katholieke Universiteit Leuven, 3000 Leuven, Belgium",1,0.28329
149,"Department of Radiology, Alfred Health, Melbourne, VIC, 3181, Australia",1,0.28329
150,"Department of Integrative Biology, University of California, Berkeley, California, USA",1,0.28329
151,"Gagarin Cosmonauts Training Center, Star City 141160, Russia",1,0.28329
152,"Media Lab, MIT, United States",1,0.28329
153,"MIT Media Lab - Responsive Environments, MIT, United States",1,0.28329
154,"LMU Munich, Germany",1,0.28329
155,"Department of Life Sciences, School of Health Sciences, Birmingham City University, Birmingham B15 3TN, United Kingdom",1,0.28329
156,"Department of Oncology, Lombardi Comprehensive Cancer Center, Georgetown University, Washington, DC, USA",1,0.28329
157,"Institute for Environment, Health and Safety, Radiobiology Unit, Belgian Nuclear Research Centre (SCK CEN), Mol, Belgium",1,0.28329
158,"Federal Office for Radiation Protection (BfS), Section Radiation Biology, Neuherberg, Germany",1,0.28329
159,"Research Professor, SUNY Upstate Medical University, Millersville, Maryland, USA.",1,0.28329
160,"CSF/MITRE Workshop Summary Report, Commercial Spaceflight Federation, Washington, DC, USA.",1,0.28329
161,"School of Metallurgy and Materials, University of Birmingham, Birmingham B15 2TT, United Kingdom",1,0.28329
162,"Shanghai Aerospace Equipment Manufacturer, 100 Huaning Road, Minhang, Shanghai 200245, China",1,0.28329
163,"Quantum Solid-State Physics, Department of Physics and Astronomy, KU Leuven, B-3001 Leuven, Belgium",1,0.28329
164,"Responsive Environments, MIT Media Lab, United States",1,0.28329
165,"Teer Coatings Ltd., West Stone, Droitwich, Worcestershire WR9 9AS, United Kingdom",1,0.28329
166,"Lee Kum Kee (Xinhui) Food Co., Ltd.  Jiangmen Guangdong 529156 China",1,0.28329
167,China Astronaut Research and Training Center Key Laboratory of Space Nutrition and Food Engineering  Beijing 100094 China,1,0.28329
168,Space Science and Technology Institute (Shenzhen)  Shenzhen 518117 China,1,0.28329
169,"Faculty of Engineering, University of Nottingham, Nottingham NG7 2RD, United Kingdom",1,0.28329
170,"School of Mechanical Engineering, Northwestern Polytechnical University, Xi'an 710072, China",1,0.28329
171,"MIT Media Lab, United States",1,0.28329
172,"Département des Sciences Biologiques, Université de Montréal, Montréal, Quebec, Canada",1,0.28329
173,Oak Ridge National Laboratory,1,0.28329
174,"Center of Applied Space Technology and Microgravity (ZARM), University of Bremen, Bremen, Germany",1,0.28329
175,"Department of Clinical Engineering, Faculty of Health Sciences &amp; Division of Health Sciences, Graduate School of Sustainable Systems Science Komatsu University Komatsu Japan",1,0.28329
176,"Graduate School of Biological Sciences, Nara Institute of Science and Technology",1,0.28329
177,Japan Space Forum,1,0.28329
178,Advanced Engineering Services,1,0.28329
179,Japan Manned Space Systems,1,0.28329
180,"Institute of Space and Astronautical Science, Japan Aerospace Exploration Agency",1,0.28329
181,"Department of Biology, Graduate School of Science, Osaka City University",1,0.28329
182,NASA Ames Research Center,1,0.28329
183,"BioServe Space Technologies, University of Colorado Boulder",1,0.28329
184,"Noto Center for Fisheries Science and Technology, Kanazawa University, Ossaka, Noto-cho, Ishikawa 927-0552, Japan",1,0.28329
185,"Laboratory of Fish Culture, Tokyo University of Marine Science and Technology, Minato-ku, Tokyo 108-8477, Japan",1,0.28329
186,"Department of Clinical Laboratory Science, Division of Health Sciences, Graduate School of Medical Science, Kanazawa University, Kodatsuno, Ishikawa 920-0942, Japan",1,0.28329
187,"Japan Aerospace Exploration Agency, Tsukuba, Ibaraki 305-8505, Japan",1,0.28329
188,"Department of Clinical Engineering, Faculty of Health Sciences, Komatsu University, Komatsu, Ishikawa 923-0961, Japan",1,0.28329
189,"Department of Biology, College of Liberal Arts and Sciences, Tokyo Medical and Dental University, Ichikawa, Chiba 272-0827, Japan",1,0.28329
190,"Life Science Research Center, University of Toyama, Sugitani, Toyama 930-0194, Japan",1,0.28329
191,"Department of Pharmaceutical Engineering, Faculty of Engineering, Toyama Prefectural University, Kurokawa, Toyama 939-0398, Japan",1,0.28329
192,"Department of Oral Morphology, Okayama University Graduate School of Medicine, Dentistry and Pharmaceutical Sciences, Okayama, Okayama 700-8525, Japan",1,0.28329
193,The University of Utah,1,0.28329
194,University of California Berkeley,1,0.28329
195,Karolinska Institute,1,0.28329
196,"National Demonstration Center for Experimental, Mechanical and Electrical Engineering Education, Tianjin University of Technology, Tianjin 300384, P. R. China",1,0.28329
197,"School of Engineering, University of Warwick, Coventry CV4 7AL, United Kingdom",1,0.28329
198,"Department of Chemical Engineering, Can Tho University, Can Tho 900000, Vietnam",1,0.28329
199,"Faculty of Science, University of Nottingham, Nottingham NG7 2RD, United Kingdom",1,0.28329
200,"Adelaide Medical School, University of Adelaide, Adelaide 5005, Australia",1,0.28329
201,"Andy Thomas Centre for Space Resources, University of Adelaide, Adelaide 5005, Australia",1,0.28329
202,"School of Chemical Engineering and Advanced Materials, University of Adelaide, Adelaide 5005, Australia",1,0.28329
203,"Department of Mechanics, School of Mechanical Engineering, Tianjin University, Tianjin 300354, P. R. China",1,0.28329
204,"Tianjin Key Laboratory for Advanced Mechatronic System Design and Intelligent Control, School of Mechanical Engineering, Tianjin University of Technology, Tianjin 300384, P. R. China",1,0.28329
205,"Key Laboratory of DGHD, MOE, School of Life Science and Technology, Southeast University , Nanjing, China",1,0.28329
206,National Institute of Crop Science,1,0.28329
207,University of Louisiana at Lafayette,1,0.28329
208,Centro de Investigaciones Biológicas Margarita Salas – CSIC  Madrid Spain,1,0.28329
209,Florida State UniversityTallahasseeFL,1,0.28329
210,Florida State UniversityBaltimoreMD,1,0.28329
211,"Department of Bioinformatics, School of Biomedical Engineering and Informatics, Nanjing Medical University , Nanjing, China",1,0.28329
212,"The State Key Laboratory of Space Medicine Fundamentals and Application, China Astronaut Research and Training Center , No. 26 Beiqing Road, Haidian District, Beijing, 100094, China",1,0.28329
213,"Noto Marine Laboratory, Institute of Nature and Environmental Technology, Kanazawa University, Housu-gun, Ishikawa 927-0553, Japan",1,0.28329
214,Istituto di Medicina Aerospaziale “A. Mosso” Aeronautica Militare  Milan Italy,1,0.28329
215,Italian Air Force Logistic Command  Rome Italy,1,0.28329
216,"Space Biology Unlimited SAS, 24 Cours de l’Intendance, Bordeaux, France",1,0.28329
217,"Respiratory Diseases Department, PLA Rocket Force Characteristic Medical Center , Beijing , China",1,0.28329
218,"Department of Respiratory and Critical Care Medicine, Binzhou Medical University Hospital , Binzhou , China",1,0.28329
219,"Center for Space Emerging Technologies,Department of Medicine and Biology,Lima,Peru",1,0.28329
220,"Center for Space Emerging Technologies,Sociedad Cient&#x00ED;fica de Astrobiolog&#x00ED;a del Per&#x00FA;, (SCAP);,Lima,Peru",1,0.28329
221,New York University Abu Dhabi,1,0.28329
222,"Institute of Food Biotechnology and Genomics, National Academy of Sciences of Ukraine",1,0.28329
223,Institute of Food Biotechnology and Genomics NAS of Ukraine,1,0.28329
224,"The Saban Research Institute, Children’s Hospital Los Angeles, University of Southern California, Los Angeles, Southern California, USA",1,0.28329
225,Magneto Space,1,0.28329
226,"Department of Ophthalmology, Aarhus University Hospital, Aarhus C, Denmark",1,0.28329
227,"Department of Biomedicine, Aarhus University, Aarhus C, Denmark",1,0.28329
228,"Gravitational Biology Group, Department of Biology, Friedrich-Alexander University, Erlangen, Germany",1,0.28329
229,"Postgraduate Program in Health and Environment, University of Joinville Region, Joinville, Brazil",1,0.28329
230,"Research Group ‘Magdeburger Arbeitsgemeinschaft Für Forschung Unter Raumfahrt- Und Schwerelosigkeitsbedingungen‘ (MARS), Otto-von-Guericke University, Magdeburg, Germany",1,0.28329
231,"Department of Microgravity and Translational Regenerative Medicine, Clinic for Plastic, Aesthetic and Hand Surgery, Otto-von-Guericke-University Magdeburg, Magdeburg, Germany",1,0.28329
232,School of Engineering Medicine Beihang University  Beijing China,1,0.28329
233,"Respiratory Diseases Department, The Second Medical Center of PLA General Hospital , Beijing , China",1,0.28329
234,Mars University,1,0.28329
235,Istituto di Medicina Aerospaziale “Aldo Di Loreto” Aeronautica Militare  Roma Italy,1,0.28329
236,"Laboratory of Experimental Neurosurgery and Cell Therapy, Neurosurgery Unit Fondazione IRCCS Ca' Granda Ospedale Maggiore Policlinico  Milan Italy",1,0.28329
237,Istituto di Medicina Aerospaziale “Aldo Di Loreto” Aeronautica Militare  Rome Italy,1,0.28329
238,Unit of Medical Genetics ASST Santi Paolo e Carlo  Milan Italy,1,0.28329
239,Department of Health Sciences Università degli Studi di Milano  Milan Italy,1,0.28329
240,Department of Medical‐Surgical Physiopathology and Transplantation University of Milan  Milan Italy,1,0.28329
241,Department of Clinical Sciences and Community Health University of Milan  Milan Italy,1,0.28329
242,"Clinical Pathology Unit Istituto di Medicina Aerospaziale “A. Mosso”, Aeronautica Militare  Milan Italy",1,0.28329
243,Aldo Ravelli' Research Center  Milan Italy,1,0.28329
244,"Department of Biology, College of Liberal Arts and Sciences, Tokyo Medical and Dental University",1,0.28329
245,"Noto Marine Laboratory, Institute of Nature and Environmental Technology, Division of Marine Environmental Studies, Kanazawa University",1,0.28329
246,"Noto Center for Fisheries Science and Technology, Kanazawa University",1,0.28329
247,"Department of Pharmaceutical Engineering, Faculty of Engineering, Toyama Prefectural University",1,0.28329
248,"Life Science Research Center, University of Toyama",1,0.28329
249,"Department of Marine Biosciences, Tokyo University of Marine Science and Technology",1,0.28329
250,"Faculty of Biological Science and Technology, Institute of Science and Engineering, Kanazawa University",1,0.28329
251,"Department of Clinical Engineering, Faculty of Health Sciences, Komatsu University",1,0.28329
252,"Graduate School of Medicine, Dentistry and Pharmaceutical Sciences, Okayama University",1,0.28329
253,Department of Pharmaceutical and Pharmacological Sciences Vrije Universiteit Brussel  Brussels Belgium,1,0.28329
254,"Department of Biology, College of Liberal Arts and Sciences Tokyo Medical and Dental University Ichikawa Japan",1,0.28329
255,"National Demonstration Center for Experimental Mechanical and Electrical Engineering Education (Tianjin University of Technology), Tianjin, People’s Republic of China",1,0.28329
256,Gunma University Heavy Ion Medical Center Maebashi Japan,1,0.28329
257,Frontier Research Core for Life Sciences University of Toyama  Toyama Japan,1,0.28329
258,"Department of Advanced Nano‐ and Bio‐sciences, Graduate School of Innovative Life Sciences University of Toyama  Toyama Japan",1,0.28329
259,"Department of Applied Chemistry, Graduate School of Science and Engineering University of Toyama  Toyama Japan",1,0.28329
260,"Department of Medicine, Johns Hopkins School of Medicine, Baltimore, Maryland",1,0.28329
261,"Department of Biomedical Engineering, Johns Hopkins University, Baltimore, Maryland",1,0.28329
262,"Spiritus Medical, Inc., Columbus, Ohio",1,0.28329
263,"Department of Pathology and Laboratory Medicine, Brown University, Providence, Rhode Island",1,0.28329
264,"Department of Cardiothoracic Surgery, Southcoast Health, Fall River, Massachusetts",1,0.28329
265,UK Centre for Astrobiology School of Physics and Astronomy University of Edinburgh Edinburgh UK,1,0.28329
266,Songshan Lake Materials Laboratory  Dongguan Guangdong 523808 China,1,0.28329
267,Center of Materials Science and Optoelectronics Engineering University of Chinese Academy of Sciences  Beijing 100049 China,1,0.28329
268,"Institute of Physics, Chinese Academy of Sciences  Beijing 100190 China",1,0.28329
269,School of Materials Science and Engineering Tsinghua University  Beijing 100084 China,1,0.28329
270,College of Mechanical and Electrical Engineering Beijing University of Chemical Technology  Beijing 100029 China,1,0.28329
271,Qian Xuesen Laboratory of Space Technology China Academy of Space Technology  Beijing 100094 China,1,0.28329
272,International Joint Research Center of Aerospace Biotechnology &amp; Medical Engineering Beihang University  Beijing 100083 China,1,0.28329
273,"State Key Laboratory of Virtual Reality Technology and Systems, School of Computer Science and Engineering Beihang University  Beijing 100083 China",1,0.28329
274,School of Materials Science Japan Advanced Institute of Science and Technology  Nomi Japan,1,0.28329
275,"New Business Project, Development Division Kitagawa Iron Works Co., Ltd.  Hiroshima Japan",1,0.28329
276,The University of Tokyo: Tokyo Daigaku,1,0.28329
277,Department of Surgery The University of Minnesota  Minneapolis MN USA,1,0.28329
278,"Axiom Space, Houston, Texas, USA.",1,0.28329
279,"State Key Laboratory of Space Medicine Fundamentals and Application, China Astronaut Research and Training Center  Beijing China",1,0.28329
280,University of Nebraska Medical Center,1,0.28329
281,Department of Mathematics and Computing Indian Institute of Technology Delhi  New Delhi India,1,0.28329
282,Department of Physics Massachusetts Institute of Technology  Cambridge MA USA,1,0.28329
283,Medical School The University of Rochester  Rochester NY USA,1,0.28329
284,Center for Space Medicine Baylor College of Medicine  Houston TX USA,1,0.28329
285,Trinity College University of Oxford  Broad Street Oxford OX1 3BH UK,1,0.28329
286,"Interdisciplinary Center for Bioethics, Institution for Social and Policy Studies, Yale University, New Haven, CT, USA",1,0.28329
287,University of Wisconsin–Madison,1,0.28329
288,Universidade de São Paulo,1,0.28329
289,California Institute of Technology,1,0.28329
290,"Department of Plant Pathology, University of Florida, Merritt Island, Florida, USA.",1,0.28329
291,"Department of Horticultural Sciences, University of Florida, Gainesville, Florida, USA.",1,0.28329
292,"Sherwood Observatory, Mansfield and Sutton Astronomical Society, Sutton-in-Ashfield a” and “b” Nottinghamshire, NG17 5LF England, United Kingdom",1,0.28329
293,"Department of Social Sciences, University of Information Technology and Management in Rzeszow, Rzeszow, Poland",1,0.28329
294,China School of Instrumentation and Optoelectronic Engineering Beihang University  Beijing 100083 China,1,0.28329
295,"Key Laboratory of Biomechanics and Mechanobiology (Beihang University), Ministry of Education Beijing Advanced Innovation Center for Biomedical Engineering, School of Biological Science and Medical Engineering Beihang University  Beijing 100083 China",1,0.28329
296,"German Aerospace Center (DLR), Institute of Aerospace Medicine, Radiation Biology Department, Aerospace Microbiology Research Group, Linder Hoehe, Cologne (Köln), Germany.",1,0.28329
297,"Hubei Key Laboratory of Plasma Chemistry and Advanced Materials, School of Materials Science and Engineering, Wuhan Institute of Technology, Wuhan 430205, People's Republic of China",1,0.28329
298,"Chinese Ministry of Health, Chinese Academy of Medical Sciences and Comparative Medicine Center, Peking Union Medical College",1,0.28329
299,"Faculty of Engineering, School of Biomedical Engineering, University of Sydney, Sydney, NSW 2006, Australia",1,0.28329
300,"School of Physics and Astronomy, Sun Yat-sen University (Zhuhai Campus), Zhuhai 519082, People's Republic of China",1,0.28329
301,"SPACETY, No.9 Dengzhuang South Road, Haidian District, Beijing, People's Republic of China",1,0.28329
302,"School of Aeronautics and Astronautics, Sun Yat-Sen University, No. 135, Xingang Xi Road, Guangzhou, 510275, People's Republic of China",1,0.28329
303,"College of Resources & Environment of Huazhong Agricultural University, No.1, Shizishan Street, Wuhan, 430070, People's Republic of China",1,0.28329
304,"Critical Analytics for Manufacturing Personalized-Medicine, Singapore-MIT Alliance for Research and Technology, CREATE, Singapore",1,0.28329
305,"MOE Key Laboratory of Fundamental Physical Quantities Measurement & Hubei Key Laboratory of Gravitation and Quantum Physics, PGMF and School of Physics, Huazhong University of Science and Technology, Wuhan 430074, People's Republic of China",1,0.28329
306,Chinese PLA General Hospital,1,0.28329
307,Space Center  Houston TX 77058 USA,1,0.28329
308,Molecular Microbiology and Immunology Department Johns Hopkins Bloomberg School of Public Health  Baltimore MD 21205 USA,1,0.28329
309,"Noto Marine Laboratory, Institute of Nature and Environmental Technology Kanazawa University Noto‐cho Japan",1,0.28329
310,"Noto Center for Fisheries Science and Technology Kanazawa University Noto‐cho, Ishikawa Japan",1,0.28329
311,Japan Aerospace Exploration Agency Tsukuba Japan,1,0.28329
312,Life Science Research Center University of Toyama Toyama Japan,1,0.28329
313,"Department of Pharmaceutical Engineering, Faculty of Engineering Toyama Prefectural University Toyama Japan",1,0.28329
314,"Center for Space Emerging Technologies,J2MECH Ingenier&#x00ED;a y Dise&#x00F1;o;,Lima,Peru",1,0.28329
315,"Air Force Medical Center, PLA",1,0.28329
316,Tokyo Women's Medical University,1,0.28329
317,"State Key Laboratory of Quality Research in Chinese Medicine, Institute of Chinese Medical Sciences University of Macau  Macao China",1,0.28329
318,"Department of Neuroscience, Baylor College of Medicine, Houston, Texas",1,0.28329
319,"Department of Medicine, Baylor College of Medicine, Houston, Texas",1,0.28329
320,"Center for Space Medicine, Baylor College of Medicine, Houston, Texas",1,0.28329
321,"Department of Integrative Physiology, Baylor College of Medicine, Houston, Texas",1,0.28329
322,"Cardiovascular Research Institute, Baylor College of Medicine, Houston, Texas",1,0.28329
323,China National GeneBank BGI‐Shenzhen  Shenzhen China,1,0.28329
324,MGI BGI‐Shenzhen  Shenzhen China,1,0.28329
325,School of Biology and Biological Engineering South China University of Technology  Guangzhou China,1,0.28329
326,"Department of Medicine, Memorial Sloan Kettering Cancer Center, New York, NY (J.M.S.).",1,0.28329
327,"BGI‐Qingdao, BGI‐Shenzhen  Qingdao China",1,0.28329
328,National Key Laboratory of Human Factors Engineering China Astronaut Research and Training Center  Beijing China,1,0.28329
329,State Key Laboratory of Space Medicine Fundamentals and Application China Astronaut Research and Training Center  Beijing China,1,0.28329
330,"NASA Johnson Space Center, Houston, TX (M.D.).",1,0.28329
331,"Toronto Rehabilitation Institute, University Health Network, Toronto, ON, Canada (L.D.).",1,0.28329
332,"Axiom Space, Houston, TX (J.S.).",1,0.28329
333,"Weill Cornell Medical College, New York, NY (J.M.S.).",1,0.28329
334,"Texas A & M University Wm Michael Barnes 64 Department of Industrial and Systems Engineering, , College Station, TX 77840-3131",1,0.28329
